{"engine":"itensor_mps","quick":true,"total_secs":199.521448666,"memory":[{"secs":26.005092708,"pL":0.0,"N":8,"se":0.0,"shots_per_s":0.3076320507613089,"R":3,"p":0.02,"d":3},{"secs":7.839583334,"pL":0.125,"N":8,"se":0.11692679333668567,"shots_per_s":1.0204623969368727,"R":3,"p":0.05,"d":3}],"magic":[{"secs":79.637825167,"N":4,"runs_per_s":0.050227388701437115,"XX":0.7071067811865427,"R":4,"p":0.0,"ZZ":1.0},{"secs":85.866805292,"N":4,"runs_per_s":0.04658377572564319,"XX":9.992007221626409e-16,"R":4,"p":0.03,"ZZ":1.0}],"magic_ideal":{"XX":0.7071067811865475,"ZZ":0.9999999999999998}}